Date,Event_Name,User_ID,Session_ID,Time_on_Task_Seconds,Task_Completed,Retry_Attempts,Feature_Area,User_Role,Funnel_Step_Order
2024-12-01,Open_Assignments,T1001,S10001,12,TRUE,0,Assessment_Assignment,Teacher,1
2024-12-01,Open_Assignments,T1002,S10002,8,TRUE,0,Assessment_Assignment,Teacher,1
2024-12-01,Open_Assignments,T1003,S10003,15,TRUE,0,Assessment_Assignment,Teacher,1
2024-12-01,Open_Assignments,T1004,S10004,10,TRUE,0,Assessment_Assignment,Teacher,1
2024-12-01,Open_Assignments,T1005,S10005,9,TRUE,0,Assessment_Assignment,Teacher,1
2024-12-01,Click_Create_New,T1001,S10001,5,TRUE,0,Assessment_Assignment,Teacher,2
2024-12-01,Click_Create_New,T1002,S10002,4,TRUE,0,Assessment_Assignment,Teacher,2
2024-12-01,Click_Create_New,T1003,S10003,6,TRUE,0,Assessment_Assignment,Teacher,2
2024-12-01,Click_Create_New,T1004,S10004,5,TRUE,0,Assessment_Assignment,Teacher,2
2024-12-01,Select_Content,T1001,S10001,45,TRUE,0,Assessment_Assignment,Teacher,3
2024-12-01,Select_Content,T1002,S10002,38,TRUE,0,Assessment_Assignment,Teacher,3
2024-12-01,Select_Content,T1003,S10003,52,TRUE,0,Assessment_Assignment,Teacher,3
2024-12-01,Open_Differentiation,T1001,S10001,23,TRUE,0,Assessment_Assignment,Teacher,4
2024-12-01,Open_Differentiation,T1002,S10002,18,TRUE,0,Assessment_Assignment,Teacher,4
2024-12-01,Configure_Levels,T1001,S10001,156,FALSE,3,Assessment_Assignment,Teacher,5
2024-12-01,Configure_Levels,T1002,S10002,189,TRUE,2,Assessment_Assignment,Teacher,5
2024-12-01,Assign_To_Groups,T1002,S10002,67,TRUE,1,Assessment_Assignment,Teacher,6
2024-12-01,Complete_And_Publish,T1002,S10002,34,TRUE,0,Assessment_Assignment,Teacher,7
2024-12-02,Open_Assignments,T1006,S10006,11,TRUE,0,Assessment_Assignment,Teacher,1
2024-12-02,Open_Assignments,T1007,S10007,14,TRUE,0,Assessment_Assignment,Teacher,1
2024-12-02,Open_Assignments,T1008,S10008,9,TRUE,0,Assessment_Assignment,Teacher,1
2024-12-02,Open_Assignments,T1009,S10009,12,TRUE,0,Assessment_Assignment,Teacher,1
2024-12-02,Open_Assignments,T1010,S10010,8,TRUE,0,Assessment_Assignment,Teacher,1
2024-12-02,Click_Create_New,T1006,S10006,4,TRUE,0,Assessment_Assignment,Teacher,2
2024-12-02,Click_Create_New,T1007,S10007,6,TRUE,0,Assessment_Assignment,Teacher,2
2024-12-02,Click_Create_New,T1008,S10008,5,TRUE,0,Assessment_Assignment,Teacher,2
2024-12-02,Click_Create_New,T1009,S10009,7,TRUE,0,Assessment_Assignment,Teacher,2
2024-12-02,Select_Content,T1006,S10006,41,TRUE,0,Assessment_Assignment,Teacher,3
2024-12-02,Select_Content,T1007,S10007,55,TRUE,0,Assessment_Assignment,Teacher,3
2024-12-02,Select_Content,T1008,S10008,48,TRUE,0,Assessment_Assignment,Teacher,3
2024-12-02,Open_Differentiation,T1006,S10006,21,TRUE,0,Assessment_Assignment,Teacher,4
2024-12-02,Open_Differentiation,T1007,S10007,25,TRUE,0,Assessment_Assignment,Teacher,4
2024-12-02,Configure_Levels,T1006,S10006,234,FALSE,5,Assessment_Assignment,Teacher,5
2024-12-02,Configure_Levels,T1007,S10007,178,FALSE,4,Assessment_Assignment,Teacher,5
2024-12-03,Open_Assignments,T1011,S10011,10,TRUE,0,Assessment_Assignment,Teacher,1
2024-12-03,Open_Assignments,T1012,S10012,13,TRUE,0,Assessment_Assignment,Teacher,1
2024-12-03,Open_Assignments,T1013,S10013,11,TRUE,0,Assessment_Assignment,Teacher,1
2024-12-03,Open_Assignments,T1014,S10014,9,TRUE,0,Assessment_Assignment,Teacher,1
2024-12-03,Open_Assignments,T1015,S10015,12,TRUE,0,Assessment_Assignment,Teacher,1
2024-12-03,Open_Assignments,T1016,S10016,8,TRUE,0,Assessment_Assignment,Teacher,1
2024-12-03,Click_Create_New,T1011,S10011,5,TRUE,0,Assessment_Assignment,Teacher,2
2024-12-03,Click_Create_New,T1012,S10012,4,TRUE,0,Assessment_Assignment,Teacher,2
2024-12-03,Click_Create_New,T1013,S10013,6,TRUE,0,Assessment_Assignment,Teacher,2
2024-12-03,Click_Create_New,T1014,S10014,5,TRUE,0,Assessment_Assignment,Teacher,2
2024-12-03,Click_Create_New,T1015,S10015,4,TRUE,0,Assessment_Assignment,Teacher,2
2024-12-03,Select_Content,T1011,S10011,43,TRUE,0,Assessment_Assignment,Teacher,3
2024-12-03,Select_Content,T1012,S10012,51,TRUE,0,Assessment_Assignment,Teacher,3
2024-12-03,Select_Content,T1013,S10013,39,TRUE,0,Assessment_Assignment,Teacher,3
2024-12-03,Select_Content,T1014,S10014,47,TRUE,0,Assessment_Assignment,Teacher,3
2024-12-03,Open_Differentiation,T1011,S10011,19,TRUE,0,Assessment_Assignment,Teacher,4
2024-12-03,Open_Differentiation,T1012,S10012,22,TRUE,0,Assessment_Assignment,Teacher,4
2024-12-03,Configure_Levels,T1011,S10011,145,FALSE,3,Assessment_Assignment,Teacher,5
2024-12-03,Configure_Levels,T1012,S10012,167,TRUE,2,Assessment_Assignment,Teacher,5
2024-12-03,Assign_To_Groups,T1012,S10012,78,FALSE,2,Assessment_Assignment,Teacher,6
2024-12-04,Open_Assignments,T1017,S10017,11,TRUE,0,Assessment_Assignment,Teacher,1
2024-12-04,Open_Assignments,T1018,S10018,9,TRUE,0,Assessment_Assignment,Teacher,1
2024-12-04,Open_Assignments,T1019,S10019,14,TRUE,0,Assessment_Assignment,Teacher,1
2024-12-04,Open_Assignments,T1020,S10020,10,TRUE,0,Assessment_Assignment,Teacher,1
2024-12-04,Open_Assignments,T1021,S10021,12,TRUE,0,Assessment_Assignment,Teacher,1
2024-12-04,Click_Create_New,T1017,S10017,5,TRUE,0,Assessment_Assignment,Teacher,2
2024-12-04,Click_Create_New,T1018,S10018,6,TRUE,0,Assessment_Assignment,Teacher,2
2024-12-04,Click_Create_New,T1019,S10019,4,TRUE,0,Assessment_Assignment,Teacher,2
2024-12-04,Click_Create_New,T1020,S10020,5,TRUE,0,Assessment_Assignment,Teacher,2
2024-12-04,Select_Content,T1017,S10017,44,TRUE,0,Assessment_Assignment,Teacher,3
2024-12-04,Select_Content,T1018,S10018,49,TRUE,0,Assessment_Assignment,Teacher,3
2024-12-04,Select_Content,T1019,S10019,38,TRUE,0,Assessment_Assignment,Teacher,3
2024-12-04,Open_Differentiation,T1017,S10017,20,TRUE,0,Assessment_Assignment,Teacher,4
2024-12-04,Open_Differentiation,T1018,S10018,24,TRUE,0,Assessment_Assignment,Teacher,4
2024-12-04,Configure_Levels,T1017,S10017,198,FALSE,4,Assessment_Assignment,Teacher,5
2024-12-04,Configure_Levels,T1018,S10018,156,TRUE,3,Assessment_Assignment,Teacher,5
2024-12-04,Assign_To_Groups,T1018,S10018,89,TRUE,1,Assessment_Assignment,Teacher,6
2024-12-04,Complete_And_Publish,T1018,S10018,28,TRUE,0,Assessment_Assignment,Teacher,7
2024-12-05,Open_Assignments,T1022,S10022,10,TRUE,0,Assessment_Assignment,Teacher,1
2024-12-05,Open_Assignments,T1023,S10023,13,TRUE,0,Assessment_Assignment,Teacher,1
2024-12-05,Open_Assignments,T1024,S10024,11,TRUE,0,Assessment_Assignment,Teacher,1
2024-12-05,Open_Assignments,T1025,S10025,9,TRUE,0,Assessment_Assignment,Teacher,1
2024-12-05,Click_Create_New,T1022,S10022,5,TRUE,0,Assessment_Assignment,Teacher,2
2024-12-05,Click_Create_New,T1023,S10023,4,TRUE,0,Assessment_Assignment,Teacher,2
2024-12-05,Click_Create_New,T1024,S10024,6,TRUE,0,Assessment_Assignment,Teacher,2
2024-12-05,Select_Content,T1022,S10022,46,TRUE,0,Assessment_Assignment,Teacher,3
2024-12-05,Select_Content,T1023,S10023,52,TRUE,0,Assessment_Assignment,Teacher,3
2024-12-05,Open_Differentiation,T1022,S10022,21,TRUE,0,Assessment_Assignment,Teacher,4
2024-12-05,Open_Differentiation,T1023,S10023,19,TRUE,0,Assessment_Assignment,Teacher,4
2024-12-05,Configure_Levels,T1022,S10022,212,FALSE,5,Assessment_Assignment,Teacher,5
2024-12-05,Configure_Levels,T1023,S10023,134,TRUE,2,Assessment_Assignment,Teacher,5
2024-12-05,Assign_To_Groups,T1023,S10023,72,TRUE,1,Assessment_Assignment,Teacher,6
2024-12-05,Complete_And_Publish,T1023,S10023,31,TRUE,0,Assessment_Assignment,Teacher,7
2024-12-06,Open_Assignments,T1026,S10026,12,TRUE,0,Assessment_Assignment,Teacher,1
2024-12-06,Open_Assignments,T1027,S10027,9,TRUE,0,Assessment_Assignment,Teacher,1
2024-12-06,Open_Assignments,T1028,S10028,11,TRUE,0,Assessment_Assignment,Teacher,1
2024-12-06,Open_Assignments,T1029,S10029,14,TRUE,0,Assessment_Assignment,Teacher,1
2024-12-06,Open_Assignments,T1030,S10030,10,TRUE,0,Assessment_Assignment,Teacher,1
2024-12-06,Click_Create_New,T1026,S10026,5,TRUE,0,Assessment_Assignment,Teacher,2
2024-12-06,Click_Create_New,T1027,S10027,6,TRUE,0,Assessment_Assignment,Teacher,2
2024-12-06,Click_Create_New,T1028,S10028,4,TRUE,0,Assessment_Assignment,Teacher,2
2024-12-06,Click_Create_New,T1029,S10029,5,TRUE,0,Assessment_Assignment,Teacher,2
2024-12-06,Select_Content,T1026,S10026,48,TRUE,0,Assessment_Assignment,Teacher,3
2024-12-06,Select_Content,T1027,S10027,41,TRUE,0,Assessment_Assignment,Teacher,3
2024-12-06,Select_Content,T1028,S10028,55,TRUE,0,Assessment_Assignment,Teacher,3
2024-12-06,Open_Differentiation,T1026,S10026,23,TRUE,0,Assessment_Assignment,Teacher,4
2024-12-06,Open_Differentiation,T1027,S10027,18,TRUE,0,Assessment_Assignment,Teacher,4
2024-12-06,Configure_Levels,T1026,S10026,187,FALSE,4,Assessment_Assignment,Teacher,5
2024-12-06,Configure_Levels,T1027,S10027,145,TRUE,2,Assessment_Assignment,Teacher,5
2024-12-06,Assign_To_Groups,T1027,S10027,65,FALSE,2,Assessment_Assignment,Teacher,6
2024-12-07,Open_Assignments,T1031,S10031,11,TRUE,0,Assessment_Assignment,Teacher,1
2024-12-07,Open_Assignments,T1032,S10032,10,TRUE,0,Assessment_Assignment,Teacher,1
2024-12-07,Open_Assignments,T1033,S10033,13,TRUE,0,Assessment_Assignment,Teacher,1
2024-12-07,Open_Assignments,T1034,S10034,9,TRUE,0,Assessment_Assignment,Teacher,1
2024-12-07,Click_Create_New,T1031,S10031,5,TRUE,0,Assessment_Assignment,Teacher,2
2024-12-07,Click_Create_New,T1032,S10032,4,TRUE,0,Assessment_Assignment,Teacher,2
2024-12-07,Click_Create_New,T1033,S10033,6,TRUE,0,Assessment_Assignment,Teacher,2
2024-12-07,Select_Content,T1031,S10031,42,TRUE,0,Assessment_Assignment,Teacher,3
2024-12-07,Select_Content,T1032,S10032,50,TRUE,0,Assessment_Assignment,Teacher,3
2024-12-07,Open_Differentiation,T1031,S10031,20,TRUE,0,Assessment_Assignment,Teacher,4
2024-12-07,Configure_Levels,T1031,S10031,223,FALSE,6,Assessment_Assignment,Teacher,5
2024-12-08,Open_Assignments,T1035,S10035,10,TRUE,0,Assessment_Assignment,Teacher,1
2024-12-08,Open_Assignments,T1036,S10036,12,TRUE,0,Assessment_Assignment,Teacher,1
2024-12-08,Open_Assignments,T1037,S10037,11,TRUE,0,Assessment_Assignment,Teacher,1
2024-12-08,Open_Assignments,T1038,S10038,9,TRUE,0,Assessment_Assignment,Teacher,1
2024-12-08,Open_Assignments,T1039,S10039,14,TRUE,0,Assessment_Assignment,Teacher,1
2024-12-08,Click_Create_New,T1035,S10035,5,TRUE,0,Assessment_Assignment,Teacher,2
2024-12-08,Click_Create_New,T1036,S10036,6,TRUE,0,Assessment_Assignment,Teacher,2
2024-12-08,Click_Create_New,T1037,S10037,4,TRUE,0,Assessment_Assignment,Teacher,2
2024-12-08,Click_Create_New,T1038,S10038,5,TRUE,0,Assessment_Assignment,Teacher,2
2024-12-08,Select_Content,T1035,S10035,47,TRUE,0,Assessment_Assignment,Teacher,3
2024-12-08,Select_Content,T1036,S10036,39,TRUE,0,Assessment_Assignment,Teacher,3
2024-12-08,Select_Content,T1037,S10037,54,TRUE,0,Assessment_Assignment,Teacher,3
2024-12-08,Open_Differentiation,T1035,S10035,22,TRUE,0,Assessment_Assignment,Teacher,4
2024-12-08,Open_Differentiation,T1036,S10036,19,TRUE,0,Assessment_Assignment,Teacher,4
2024-12-08,Configure_Levels,T1035,S10035,167,TRUE,3,Assessment_Assignment,Teacher,5
2024-12-08,Configure_Levels,T1036,S10036,201,FALSE,5,Assessment_Assignment,Teacher,5
2024-12-08,Assign_To_Groups,T1035,S10035,81,TRUE,1,Assessment_Assignment,Teacher,6
2024-12-08,Complete_And_Publish,T1035,S10035,29,TRUE,0,Assessment_Assignment,Teacher,7
2024-12-09,Open_Assignments,T1040,S10040,11,TRUE,0,Assessment_Assignment,Teacher,1
2024-12-09,Open_Assignments,T1041,S10041,10,TRUE,0,Assessment_Assignment,Teacher,1
2024-12-09,Open_Assignments,T1042,S10042,13,TRUE,0,Assessment_Assignment,Teacher,1
2024-12-09,Open_Assignments,T1043,S10043,9,TRUE,0,Assessment_Assignment,Teacher,1
2024-12-09,Click_Create_New,T1040,S10040,5,TRUE,0,Assessment_Assignment,Teacher,2
2024-12-09,Click_Create_New,T1041,S10041,4,TRUE,0,Assessment_Assignment,Teacher,2
2024-12-09,Click_Create_New,T1042,S10042,6,TRUE,0,Assessment_Assignment,Teacher,2
2024-12-09,Select_Content,T1040,S10040,45,TRUE,0,Assessment_Assignment,Teacher,3
2024-12-09,Select_Content,T1041,S10041,51,TRUE,0,Assessment_Assignment,Teacher,3
2024-12-09,Open_Differentiation,T1040,S10040,21,TRUE,0,Assessment_Assignment,Teacher,4
2024-12-09,Configure_Levels,T1040,S10040,189,FALSE,4,Assessment_Assignment,Teacher,5
2024-12-10,Open_Assignments,T1044,S10044,12,TRUE,0,Assessment_Assignment,Teacher,1
2024-12-10,Open_Assignments,T1045,S10045,10,TRUE,0,Assessment_Assignment,Teacher,1
2024-12-10,Open_Assignments,T1046,S10046,11,TRUE,0,Assessment_Assignment,Teacher,1
2024-12-10,Open_Assignments,T1047,S10047,14,TRUE,0,Assessment_Assignment,Teacher,1
2024-12-10,Open_Assignments,T1048,S10048,9,TRUE,0,Assessment_Assignment,Teacher,1
2024-12-10,Click_Create_New,T1044,S10044,5,TRUE,0,Assessment_Assignment,Teacher,2
2024-12-10,Click_Create_New,T1045,S10045,6,TRUE,0,Assessment_Assignment,Teacher,2
2024-12-10,Click_Create_New,T1046,S10046,4,TRUE,0,Assessment_Assignment,Teacher,2
2024-12-10,Click_Create_New,T1047,S10047,5,TRUE,0,Assessment_Assignment,Teacher,2
2024-12-10,Select_Content,T1044,S10044,48,TRUE,0,Assessment_Assignment,Teacher,3
2024-12-10,Select_Content,T1045,S10045,42,TRUE,0,Assessment_Assignment,Teacher,3
2024-12-10,Select_Content,T1046,S10046,55,TRUE,0,Assessment_Assignment,Teacher,3
2024-12-10,Open_Differentiation,T1044,S10044,20,TRUE,0,Assessment_Assignment,Teacher,4
2024-12-10,Open_Differentiation,T1045,S10045,23,TRUE,0,Assessment_Assignment,Teacher,4
2024-12-10,Configure_Levels,T1044,S10044,156,TRUE,2,Assessment_Assignment,Teacher,5
2024-12-10,Configure_Levels,T1045,S10045,234,FALSE,6,Assessment_Assignment,Teacher,5
2024-12-10,Assign_To_Groups,T1044,S10044,74,TRUE,1,Assessment_Assignment,Teacher,6
2024-12-10,Complete_And_Publish,T1044,S10044,32,TRUE,0,Assessment_Assignment,Teacher,7
2024-12-11,Open_Assignments,T1049,S10049,10,TRUE,0,Assessment_Assignment,Teacher,1
2024-12-11,Open_Assignments,T1050,S10050,13,TRUE,0,Assessment_Assignment,Teacher,1
2024-12-11,Open_Assignments,T1051,S10051,11,TRUE,0,Assessment_Assignment,Teacher,1
2024-12-11,Open_Assignments,T1052,S10052,9,TRUE,0,Assessment_Assignment,Teacher,1
2024-12-11,Click_Create_New,T1049,S10049,5,TRUE,0,Assessment_Assignment,Teacher,2
2024-12-11,Click_Create_New,T1050,S10050,4,TRUE,0,Assessment_Assignment,Teacher,2
2024-12-11,Click_Create_New,T1051,S10051,6,TRUE,0,Assessment_Assignment,Teacher,2
2024-12-11,Select_Content,T1049,S10049,46,TRUE,0,Assessment_Assignment,Teacher,3
2024-12-11,Select_Content,T1050,S10050,52,TRUE,0,Assessment_Assignment,Teacher,3
2024-12-11,Open_Differentiation,T1049,S10049,19,TRUE,0,Assessment_Assignment,Teacher,4
2024-12-11,Configure_Levels,T1049,S10049,178,FALSE,4,Assessment_Assignment,Teacher,5
2024-12-12,Open_Assignments,T1053,S10053,12,TRUE,0,Assessment_Assignment,Teacher,1
2024-12-12,Open_Assignments,T1054,S10054,10,TRUE,0,Assessment_Assignment,Teacher,1
2024-12-12,Open_Assignments,T1055,S10055,11,TRUE,0,Assessment_Assignment,Teacher,1
2024-12-12,Open_Assignments,T1056,S10056,14,TRUE,0,Assessment_Assignment,Teacher,1
2024-12-12,Open_Assignments,T1057,S10057,9,TRUE,0,Assessment_Assignment,Teacher,1
2024-12-12,Click_Create_New,T1053,S10053,5,TRUE,0,Assessment_Assignment,Teacher,2
2024-12-12,Click_Create_New,T1054,S10054,6,TRUE,0,Assessment_Assignment,Teacher,2
2024-12-12,Click_Create_New,T1055,S10055,4,TRUE,0,Assessment_Assignment,Teacher,2
2024-12-12,Click_Create_New,T1056,S10056,5,TRUE,0,Assessment_Assignment,Teacher,2
2024-12-12,Select_Content,T1053,S10053,47,TRUE,0,Assessment_Assignment,Teacher,3
2024-12-12,Select_Content,T1054,S10054,41,TRUE,0,Assessment_Assignment,Teacher,3
2024-12-12,Select_Content,T1055,S10055,54,TRUE,0,Assessment_Assignment,Teacher,3
2024-12-12,Open_Differentiation,T1053,S10053,22,TRUE,0,Assessment_Assignment,Teacher,4
2024-12-12,Open_Differentiation,T1054,S10054,18,TRUE,0,Assessment_Assignment,Teacher,4
2024-12-12,Configure_Levels,T1053,S10053,145,TRUE,2,Assessment_Assignment,Teacher,5
2024-12-12,Configure_Levels,T1054,S10054,198,FALSE,5,Assessment_Assignment,Teacher,5
2024-12-12,Assign_To_Groups,T1053,S10053,68,FALSE,2,Assessment_Assignment,Teacher,6
2024-12-13,Open_Assignments,T1058,S10058,11,TRUE,0,Assessment_Assignment,Teacher,1
2024-12-13,Open_Assignments,T1059,S10059,10,TRUE,0,Assessment_Assignment,Teacher,1
2024-12-13,Open_Assignments,T1060,S10060,13,TRUE,0,Assessment_Assignment,Teacher,1
2024-12-13,Open_Assignments,T1061,S10061,9,TRUE,0,Assessment_Assignment,Teacher,1
2024-12-13,Click_Create_New,T1058,S10058,5,TRUE,0,Assessment_Assignment,Teacher,2
2024-12-13,Click_Create_New,T1059,S10059,4,TRUE,0,Assessment_Assignment,Teacher,2
2024-12-13,Click_Create_New,T1060,S10060,6,TRUE,0,Assessment_Assignment,Teacher,2
2024-12-13,Select_Content,T1058,S10058,45,TRUE,0,Assessment_Assignment,Teacher,3
2024-12-13,Select_Content,T1059,S10059,51,TRUE,0,Assessment_Assignment,Teacher,3
2024-12-13,Open_Differentiation,T1058,S10058,20,TRUE,0,Assessment_Assignment,Teacher,4
2024-12-13,Configure_Levels,T1058,S10058,167,TRUE,3,Assessment_Assignment,Teacher,5
2024-12-13,Assign_To_Groups,T1058,S10058,76,TRUE,1,Assessment_Assignment,Teacher,6
2024-12-13,Complete_And_Publish,T1058,S10058,30,TRUE,0,Assessment_Assignment,Teacher,7
2024-12-14,Open_Assignments,T1062,S10062,12,TRUE,0,Assessment_Assignment,Teacher,1
2024-12-14,Open_Assignments,T1063,S10063,10,TRUE,0,Assessment_Assignment,Teacher,1
2024-12-14,Open_Assignments,T1064,S10064,11,TRUE,0,Assessment_Assignment,Teacher,1
2024-12-14,Open_Assignments,T1065,S10065,14,TRUE,0,Assessment_Assignment,Teacher,1
2024-12-14,Open_Assignments,T1066,S10066,9,TRUE,0,Assessment_Assignment,Teacher,1
2024-12-14,Click_Create_New,T1062,S10062,5,TRUE,0,Assessment_Assignment,Teacher,2
2024-12-14,Click_Create_New,T1063,S10063,6,TRUE,0,Assessment_Assignment,Teacher,2
2024-12-14,Click_Create_New,T1064,S10064,4,TRUE,0,Assessment_Assignment,Teacher,2
2024-12-14,Click_Create_New,T1065,S10065,5,TRUE,0,Assessment_Assignment,Teacher,2
2024-12-14,Select_Content,T1062,S10062,48,TRUE,0,Assessment_Assignment,Teacher,3
2024-12-14,Select_Content,T1063,S10063,42,TRUE,0,Assessment_Assignment,Teacher,3
2024-12-14,Select_Content,T1064,S10064,55,TRUE,0,Assessment_Assignment,Teacher,3
2024-12-14,Open_Differentiation,T1062,S10062,21,TRUE,0,Assessment_Assignment,Teacher,4
2024-12-14,Open_Differentiation,T1063,S10063,24,TRUE,0,Assessment_Assignment,Teacher,4
2024-12-14,Configure_Levels,T1062,S10062,212,FALSE,5,Assessment_Assignment,Teacher,5
2024-12-14,Configure_Levels,T1063,S10063,134,TRUE,2,Assessment_Assignment,Teacher,5
2024-12-14,Assign_To_Groups,T1063,S10063,82,TRUE,1,Assessment_Assignment,Teacher,6
2024-12-14,Complete_And_Publish,T1063,S10063,28,TRUE,0,Assessment_Assignment,Teacher,7
2024-12-15,Open_Assignments,T1067,S10067,10,TRUE,0,Assessment_Assignment,Teacher,1
2024-12-15,Open_Assignments,T1068,S10068,13,TRUE,0,Assessment_Assignment,Teacher,1
2024-12-15,Open_Assignments,T1069,S10069,11,TRUE,0,Assessment_Assignment,Teacher,1
2024-12-15,Open_Assignments,T1070,S10070,9,TRUE,0,Assessment_Assignment,Teacher,1
2024-12-15,Click_Create_New,T1067,S10067,5,TRUE,0,Assessment_Assignment,Teacher,2
2024-12-15,Click_Create_New,T1068,S10068,4,TRUE,0,Assessment_Assignment,Teacher,2
2024-12-15,Click_Create_New,T1069,S10069,6,TRUE,0,Assessment_Assignment,Teacher,2
2024-12-15,Select_Content,T1067,S10067,46,TRUE,0,Assessment_Assignment,Teacher,3
2024-12-15,Select_Content,T1068,S10068,52,TRUE,0,Assessment_Assignment,Teacher,3
2024-12-15,Open_Differentiation,T1067,S10067,19,TRUE,0,Assessment_Assignment,Teacher,4
2024-12-15,Configure_Levels,T1067,S10067,189,FALSE,4,Assessment_Assignment,Teacher,5
2024-12-16,Open_Assignments,T1071,S10071,12,TRUE,0,Assessment_Assignment,Teacher,1
2024-12-16,Open_Assignments,T1072,S10072,10,TRUE,0,Assessment_Assignment,Teacher,1
2024-12-16,Open_Assignments,T1073,S10073,11,TRUE,0,Assessment_Assignment,Teacher,1
2024-12-16,Open_Assignments,T1074,S10074,14,TRUE,0,Assessment_Assignment,Teacher,1
2024-12-16,Open_Assignments,T1075,S10075,9,TRUE,0,Assessment_Assignment,Teacher,1
2024-12-16,Click_Create_New,T1071,S10071,5,TRUE,0,Assessment_Assignment,Teacher,2
2024-12-16,Click_Create_New,T1072,S10072,6,TRUE,0,Assessment_Assignment,Teacher,2
2024-12-16,Click_Create_New,T1073,S10073,4,TRUE,0,Assessment_Assignment,Teacher,2
2024-12-16,Click_Create_New,T1074,S10074,5,TRUE,0,Assessment_Assignment,Teacher,2
2024-12-16,Select_Content,T1071,S10071,47,TRUE,0,Assessment_Assignment,Teacher,3
2024-12-16,Select_Content,T1072,S10072,41,TRUE,0,Assessment_Assignment,Teacher,3
2024-12-16,Select_Content,T1073,S10073,54,TRUE,0,Assessment_Assignment,Teacher,3
2024-12-16,Open_Differentiation,T1071,S10071,22,TRUE,0,Assessment_Assignment,Teacher,4
2024-12-16,Open_Differentiation,T1072,S10072,18,TRUE,0,Assessment_Assignment,Teacher,4
2024-12-16,Configure_Levels,T1071,S10071,156,TRUE,3,Assessment_Assignment,Teacher,5
2024-12-16,Configure_Levels,T1072,S10072,223,FALSE,6,Assessment_Assignment,Teacher,5
2024-12-16,Assign_To_Groups,T1071,S10071,71,FALSE,2,Assessment_Assignment,Teacher,6
2024-12-17,Open_Assignments,T1076,S10076,11,TRUE,0,Assessment_Assignment,Teacher,1
2024-12-17,Open_Assignments,T1077,S10077,10,TRUE,0,Assessment_Assignment,Teacher,1
2024-12-17,Open_Assignments,T1078,S10078,13,TRUE,0,Assessment_Assignment,Teacher,1
2024-12-17,Open_Assignments,T1079,S10079,9,TRUE,0,Assessment_Assignment,Teacher,1
2024-12-17,Click_Create_New,T1076,S10076,5,TRUE,0,Assessment_Assignment,Teacher,2
2024-12-17,Click_Create_New,T1077,S10077,4,TRUE,0,Assessment_Assignment,Teacher,2
2024-12-17,Click_Create_New,T1078,S10078,6,TRUE,0,Assessment_Assignment,Teacher,2
2024-12-17,Select_Content,T1076,S10076,45,TRUE,0,Assessment_Assignment,Teacher,3
2024-12-17,Select_Content,T1077,S10077,51,TRUE,0,Assessment_Assignment,Teacher,3
2024-12-17,Open_Differentiation,T1076,S10076,20,TRUE,0,Assessment_Assignment,Teacher,4
2024-12-17,Configure_Levels,T1076,S10076,178,FALSE,4,Assessment_Assignment,Teacher,5
2024-12-18,Open_Assignments,T1080,S10080,12,TRUE,0,Assessment_Assignment,Teacher,1
2024-12-18,Open_Assignments,T1081,S10081,10,TRUE,0,Assessment_Assignment,Teacher,1
2024-12-18,Open_Assignments,T1082,S10082,11,TRUE,0,Assessment_Assignment,Teacher,1
2024-12-18,Open_Assignments,T1083,S10083,14,TRUE,0,Assessment_Assignment,Teacher,1
2024-12-18,Open_Assignments,T1084,S10084,9,TRUE,0,Assessment_Assignment,Teacher,1
2024-12-18,Click_Create_New,T1080,S10080,5,TRUE,0,Assessment_Assignment,Teacher,2
2024-12-18,Click_Create_New,T1081,S10081,6,TRUE,0,Assessment_Assignment,Teacher,2
2024-12-18,Click_Create_New,T1082,S10082,4,TRUE,0,Assessment_Assignment,Teacher,2
2024-12-18,Click_Create_New,T1083,S10083,5,TRUE,0,Assessment_Assignment,Teacher,2
2024-12-18,Select_Content,T1080,S10080,48,TRUE,0,Assessment_Assignment,Teacher,3
2024-12-18,Select_Content,T1081,S10081,42,TRUE,0,Assessment_Assignment,Teacher,3
2024-12-18,Select_Content,T1082,S10082,55,TRUE,0,Assessment_Assignment,Teacher,3
2024-12-18,Open_Differentiation,T1080,S10080,21,TRUE,0,Assessment_Assignment,Teacher,4
2024-12-18,Open_Differentiation,T1081,S10081,24,TRUE,0,Assessment_Assignment,Teacher,4
2024-12-18,Configure_Levels,T1080,S10080,145,TRUE,2,Assessment_Assignment,Teacher,5
2024-12-18,Configure_Levels,T1081,S10081,198,FALSE,5,Assessment_Assignment,Teacher,5
2024-12-18,Assign_To_Groups,T1080,S10080,77,TRUE,1,Assessment_Assignment,Teacher,6
2024-12-18,Complete_And_Publish,T1080,S10080,31,TRUE,0,Assessment_Assignment,Teacher,7
2024-12-19,Open_Assignments,T1085,S10085,10,TRUE,0,Assessment_Assignment,Teacher,1
2024-12-19,Open_Assignments,T1086,S10086,13,TRUE,0,Assessment_Assignment,Teacher,1
2024-12-19,Open_Assignments,T1087,S10087,11,TRUE,0,Assessment_Assignment,Teacher,1
2024-12-19,Open_Assignments,T1088,S10088,9,TRUE,0,Assessment_Assignment,Teacher,1
2024-12-19,Click_Create_New,T1085,S10085,5,TRUE,0,Assessment_Assignment,Teacher,2
2024-12-19,Click_Create_New,T1086,S10086,4,TRUE,0,Assessment_Assignment,Teacher,2
2024-12-19,Click_Create_New,T1087,S10087,6,TRUE,0,Assessment_Assignment,Teacher,2
2024-12-19,Select_Content,T1085,S10085,46,TRUE,0,Assessment_Assignment,Teacher,3
2024-12-19,Select_Content,T1086,S10086,52,TRUE,0,Assessment_Assignment,Teacher,3
2024-12-19,Open_Differentiation,T1085,S10085,19,TRUE,0,Assessment_Assignment,Teacher,4
2024-12-19,Configure_Levels,T1085,S10085,167,TRUE,3,Assessment_Assignment,Teacher,5
2024-12-19,Assign_To_Groups,T1085,S10085,84,TRUE,1,Assessment_Assignment,Teacher,6
2024-12-19,Complete_And_Publish,T1085,S10085,29,TRUE,0,Assessment_Assignment,Teacher,7
2024-12-20,Open_Assignments,T1089,S10089,12,TRUE,0,Assessment_Assignment,Teacher,1
2024-12-20,Open_Assignments,T1090,S10090,10,TRUE,0,Assessment_Assignment,Teacher,1
2024-12-20,Open_Assignments,T1091,S10091,11,TRUE,0,Assessment_Assignment,Teacher,1
2024-12-20,Open_Assignments,T1092,S10092,14,TRUE,0,Assessment_Assignment,Teacher,1
2024-12-20,Open_Assignments,T1093,S10093,9,TRUE,0,Assessment_Assignment,Teacher,1
2024-12-20,Click_Create_New,T1089,S10089,5,TRUE,0,Assessment_Assignment,Teacher,2
2024-12-20,Click_Create_New,T1090,S10090,6,TRUE,0,Assessment_Assignment,Teacher,2
2024-12-20,Click_Create_New,T1091,S10091,4,TRUE,0,Assessment_Assignment,Teacher,2
2024-12-20,Click_Create_New,T1092,S10092,5,TRUE,0,Assessment_Assignment,Teacher,2
2024-12-20,Select_Content,T1089,S10089,47,TRUE,0,Assessment_Assignment,Teacher,3
2024-12-20,Select_Content,T1090,S10090,41,TRUE,0,Assessment_Assignment,Teacher,3
2024-12-20,Select_Content,T1091,S10091,54,TRUE,0,Assessment_Assignment,Teacher,3
2024-12-20,Open_Differentiation,T1089,S10089,22,TRUE,0,Assessment_Assignment,Teacher,4
2024-12-20,Open_Differentiation,T1090,S10090,18,TRUE,0,Assessment_Assignment,Teacher,4
2024-12-20,Configure_Levels,T1089,S10089,212,FALSE,5,Assessment_Assignment,Teacher,5
2024-12-20,Configure_Levels,T1090,S10090,134,TRUE,2,Assessment_Assignment,Teacher,5
2024-12-20,Assign_To_Groups,T1090,S10090,69,FALSE,2,Assessment_Assignment,Teacher,6
